{
  "100percentpure.com.au": "http://g4gdata.com/gift4good/test.php?link=t.cfjump.com/t/13593/16568/?g4g=true&cause={cause}&UniqueId={uniqueId}&memberID={memberId}",
  "4wdparts.com.au": "http://g4gdata.com/gift4good/test.php?link=track.commissionfactory.com.au/t/13593/9591/?g4g=true&cause={cause}&UniqueId={uniqueId}&memberID={memberId}",
  "99bikes.com.au": "http://g4gdata.com/gift4good/test.php?link=t.cfjump.com/t/13593/22268/?g4g=true&cause={cause}&UniqueId={uniqueId}&memberID={memberId}",
  "awholelotoflove.com.au": "http://g4gdata.com/gift4good/test.php?link=t.cfjump.com/t/13593/22008/?g4g=true&cause={cause}&UniqueId={uniqueId}&memberID={memberId}",
  "absolutelygorgeous.com.au": "http://g4gdata.com/gift4good/test.php?link=www.clixGalore.com/PSale.aspx?BID=37855&AfID=273427&AdID=5240&LP=www.absolutelygorgeous.com.au&g4g=true&cause={cause}&UniqueId={uniqueId}&memberID={memberId}",
  "aceairportparking.com.au": "http://g4gdata.com/gift4good/test.php?link=t.cfjump.com/t/13593/20021/?g4g=true&cause={cause}&UniqueId={uniqueId}&memberID={memberId}",
  "aceofsomething.com.au": "http://g4gdata.com/gift4good/test.php?link=track.commissionfactory.com.au/t/13593/14528/?g4g=true&cause={cause}&UniqueId={uniqueId}&memberID={memberId}",
  "adairs.com.au": "http://g4gdata.com/gift4good/test.php?link=t.dgm-au.com/c/118306/60109/1683?g4g=true&cause={cause}&UniqueId={uniqueId}&memberID={memberId}",
  "adorabubbleclothing.com.au": "http://g4gdata.com/gift4good/test.php?link=www.clixGalore.com/PSale.aspx?BID=155889&AfID=273427&AdID=14788&LP=www.adorabubbleclothing.com.au&g4g=true&cause={cause}&UniqueId={uniqueId}&memberID={memberId}",
  "adorebeauty.com.au": "http://g4gdata.com/gift4good/test.php?link=t.dgm-au.com/c/118306/83736/2170?g4g=true&cause={cause}&UniqueId={uniqueId}&memberID={memberId}",
  "adrenalin.com.au": "http://g4gdata.com/gift4good/test.php?link=t.cfjump.com/t/13593/21836/?g4g=true&cause={cause}&UniqueId={uniqueId}&memberID={memberId}",
  "adultshop.com": "http://g4gdata.com/gift4good/test.php?link=www.clixGalore.com/PSale.aspx?BID=136039&AfID=273427&AdID=5415&LP=www.adultshop.com&g4g=true&cause={cause}&UniqueId={uniqueId}&memberID={memberId}",
  "alibionline.com.au": "http://g4gdata.com/gift4good/test.php?link=track.commissionfactory.com.au/t/13593/13805/?g4g=true&cause={cause}&UniqueId={uniqueId}&memberID={memberId}",
  "aliveskinandhair.com.au": "http://g4gdata.com/gift4good/test.php?link=t.cfjump.com/t/13593/13390/?g4g=true&cause={cause}&UniqueId={uniqueId}&memberID={memberId}",
  "allyfashion.com.au": "http://g4gdata.com/gift4good/test.php?link=t.dgm-au.com/c/118306/147210/2868?g4g=true&cause={cause}&UniqueId={uniqueId}&memberID={memberId}",
  "amartsports.com.au": "http://g4gdata.com/gift4good/test.php?link=t.dgm-au.com/c/118306/33935/1129?g4g=true&cause={cause}&UniqueId={uniqueId}&memberID={memberId}",
  "amazon.com": "http://g4gdata.com/gift4good/test.php?link=www.amazon.com/?_encoding=UTF8&camp=1789&creative=390957&linkCode=ur2&tag=teambuilbona-20&linkId=LDU7LE7JULIYG7MD&g4g=true&cause={cause}&UniqueId={uniqueId}&memberID={memberId}",
  "amcal.com.au": "http://g4gdata.com/gift4good/test.php?link=t.cfjump.com/t/13593/20786/?g4g=true&cause={cause}&UniqueId={uniqueId}&memberID={memberId}",
  "aminoz.com.au": "http://g4gdata.com/gift4good/test.php?link=t.cfjump.com/t/13593/994/?g4g=true&cause={cause}&UniqueId={uniqueId}&memberID={memberId}",
  "anglerswarehouse.com.au": "http://g4gdata.com/gift4good/test.php?link=www.clixGalore.com/PSale.aspx?BID=89680&AfID=273427&AdID=10006&LP=www.anglerswarehouse.com.au&g4g=true&cause={cause}&UniqueId={uniqueId}&memberID={memberId}",
  "angusrobertson.com.au": "http://g4gdata.com/gift4good/test.php?link=t.dgm-au.com/c/118306/137028/2741?g4g=true&cause={cause}&UniqueId={uniqueId}&memberID={memberId}",
  "appliancesnow.com.au": "http://g4gdata.com/gift4good/test.php?link=t.cfjump.com/t/13593/13377/?g4g=true&cause={cause}&UniqueId={uniqueId}&memberID={memberId}",
  "appliancesonline.com.au": "http://g4gdata.com/gift4good/test.php?link=click.linksynergy.com/fs-bin/click?id=dwepkhG1hho&offerid=283778&type=3&subid=0&g4g=true&cause={cause}&UniqueId={uniqueId}&memberID={memberId}",
  "artistguitars.com.au": "http://g4gdata.com/gift4good/test.php?link=t.cfjump.com/t/13593/9729/?g4g=true&cause={cause}&UniqueId={uniqueId}&memberID={memberId}",
  "artiwoodletters.com": "http://g4gdata.com/gift4good/test.php?link=www.clixGalore.com/PSale.aspx?BID=57104&AfID=273427&AdID=7081&LP=www.artiwoodletters.com&g4g=true&cause={cause}&UniqueId={uniqueId}&memberID={memberId}",
  "atomiccherry.com.au": "http://g4gdata.com/gift4good/test.php?link=track.commissionfactory.com.au/t/13593/15502/?g4g=true&cause={cause}&UniqueId={uniqueId}&memberID={memberId}",
  "aussiehealthproducts.com.au": "http://g4gdata.com/gift4good/test.php?link=track.commissionfactory.com.au/t/13593/14839/?g4g=true&cause={cause}&UniqueId={uniqueId}&memberID={memberId}",
  "australiagift.com.au": "http://g4gdata.com/gift4good/test.php?link=www.clixGalore.com/PSale.aspx?BID=155697&AfID=273427&AdID=14824&LP=www.australiagift.com.au&g4g=true&cause={cause}&UniqueId={uniqueId}&memberID={memberId}",
  "lemonmyrtle.com.au": "http://g4gdata.com/gift4good/test.php?link=www.clixGalore.com/PSale.aspx?BID=98957&AfID=273427&AdID=10734&LP=www.lemonmyrtle.com.au&g4g=true&cause={cause}&UniqueId={uniqueId}&memberID={memberId}",
  "ausnaturalcare.com.au": "http://g4gdata.com/gift4good/test.php?link=click.linksynergy.com/fs-bin/click?id=dwepkhG1hho&offerid=365051&type=3&subid=0&g4g=true&cause={cause}&UniqueId={uniqueId}&memberID={memberId}",
  "australianaonline.com.au": "http://g4gdata.com/gift4good/test.php?link=www.clixGalore.com/PSale.aspx?BID=93270&AfID=273427&AdID=10290&LP=www.australianaonline.com.au&g4g=true&cause={cause}&UniqueId={uniqueId}&memberID={memberId}",
  "store.autodesk.com.au": "http://g4gdata.com/gift4good/test.php?link=t.cfjump.com/t/13593/15672/?g4g=true&cause={cause}&UniqueId={uniqueId}&memberID={memberId}",
  "autograph.com.au": "http://g4gdata.com/gift4good/test.php?link=track.commissionfactory.com.au/t/13593/8977/?g4g=true&cause={cause}&UniqueId={uniqueId}&memberID={memberId}",
  "avancer.com.au": "http://g4gdata.com/gift4good/test.php?link=t.cfjump.com/t/13593/13476/?g4g=true&cause={cause}&UniqueId={uniqueId}&memberID={memberId}",
  "aveda.com.au": "http://g4gdata.com/gift4good/test.php?link=t.dgm-au.com/c/118306/58355/1656?g4g=true&cause={cause}&UniqueId={uniqueId}&memberID={memberId}",
  "avis.com.au": "http://g4gdata.com/gift4good/test.php?link=t.dgm-au.com/c/118306/68655/1861?g4g=true&cause={cause}&UniqueId={uniqueId}&memberID={memberId}",
  "au.ayurda.com": "http://g4gdata.com/gift4good/test.php?link=t.cfjump.com/t/13593/8224/?g4g=true&cause={cause}&UniqueId={uniqueId}&memberID={memberId}",
  "babygoesretro.com.au": "http://g4gdata.com/gift4good/test.php?link=www.clixGalore.com/PSale.aspx?BID=127291&AfID=273427&AdID=13170&LP=www.babygoesretro.com.au&g4g=true&cause={cause}&UniqueId={uniqueId}&memberID={memberId}",
  "baobab.com.au": "http://g4gdata.com/gift4good/test.php?link=t.cfjump.com/t/13593/13715/?g4g=true&cause={cause}&UniqueId={uniqueId}&memberID={memberId}",
  "bellabox.com.au": "http://g4gdata.com/gift4good/test.php?link=t.cfjump.com/t/13593/12632/give-gift?g4g=true&cause={cause}&UniqueId={uniqueId}&memberID={memberId}",
  "belluccicollection.com": "http://g4gdata.com/gift4good/test.php?link=track.commissionfactory.com.au/t/13593/730/?g4g=true&cause={cause}&UniqueId={uniqueId}&memberID={memberId}",
  "bendonlingerie.com.au": "http://g4gdata.com/gift4good/test.php?link=t.dgm-au.com/c/118306/52941/1578?g4g=true&cause={cause}&UniqueId={uniqueId}&memberID={memberId}",
  "berlei.com.au": "http://g4gdata.com/gift4good/test.php?link=t.dgm-au.com/c/118306/88973/2221?g4g=true&cause={cause}&UniqueId={uniqueId}&memberID={memberId}",
  "betta.com.au": "http://g4gdata.com/gift4good/test.php?link=t.dgm-au.com/c/118306/175475/3183?g4g=true&cause={cause}&UniqueId={uniqueId}&memberID={memberId}",
  "bigredtoolboxau.com": "http://g4gdata.com/gift4good/test.php?link=t.cfjump.com/t/13593/21389/?g4g=true&cause={cause}&UniqueId={uniqueId}&memberID={memberId}",
  "bigsafety.com.au": "http://g4gdata.com/gift4good/test.php?link=t.cfjump.com/t/13593/21323/?g4g=true&cause={cause}&UniqueId={uniqueId}&memberID={memberId}",
  "bijoux.com.au": "http://g4gdata.com/gift4good/test.php?link=t.cfjump.com/t/13593/10016/?g4g=true&cause={cause}&UniqueId={uniqueId}&memberID={memberId}",
  "biome.com.au": "http://g4gdata.com/gift4good/test.php?link=t.cfjump.com/t/13593/14846/?g4g=true&cause={cause}&UniqueId={uniqueId}&memberID={memberId}",
  "birdsnest.com.au": "http://g4gdata.com/gift4good/test.php?link=click.linksynergy.com/fs-bin/click?id=dwepkhG1hho&offerid=339994&type=3&subid=0&g4g=true&cause={cause}&UniqueId={uniqueId}&memberID={memberId}",
  "blackpepper.com.au": "http://g4gdata.com/gift4good/test.php?link=t.cfjump.com/t/13593/17871/?g4g=true&cause={cause}&UniqueId={uniqueId}&memberID={memberId}",
  "bloomingleopard.com": "http://g4gdata.com/gift4good/test.php?link=t.cfjump.com/t/13593/22061/?g4g=true&cause={cause}&UniqueId={uniqueId}&memberID={memberId}",
  "bloomingdales.com": "http://g4gdata.com/gift4good/test.php?link=click.linksynergy.com/fs-bin/click?id=dwepkhG1hho&offerid=285653.5&type=3&g4g=true&cause={cause}&UniqueId={uniqueId}&memberID={memberId}",
  "bluedogposters.com.au": "http://g4gdata.com/gift4good/test.php?link=t.dgm-au.com/c/118306/33836/1174?g4g=true&cause={cause}&UniqueId={uniqueId}&memberID={memberId}",
  "blushbrasandlingerie.com.au": "http://g4gdata.com/gift4good/test.php?link=t.cfjump.com/t/13593/21973/?g4g=true&cause={cause}&UniqueId={uniqueId}&memberID={memberId}",
  "bockersandpony.com.au": "http://g4gdata.com/gift4good/test.php?link=t.cfjump.com/t/13593/22177/?g4g=true&cause={cause}&UniqueId={uniqueId}&memberID={memberId}",
  "boohoo.com": "http://g4gdata.com/gift4good/test.php?link=t.dgm-au.com/c/118306/32713/1136?g4g=true&cause={cause}&UniqueId={uniqueId}&memberID={memberId}",
  "bookdepository.com": "http://g4gdata.com/gift4good/test.php?link=www.bookdepository.com/?a_aid=Gifts4Good&g4g=true&cause={cause}&UniqueId={uniqueId}&memberID={memberId}",
  "booking.com": "http://g4gdata.com/gift4good/test.php?link=www.booking.com/country/au.html?aid=807980&g4g=true&cause={cause}&UniqueId={uniqueId}&memberID={memberId}",
  "booktopia.com.au": "http://g4gdata.com/gift4good/test.php?link=t.dgm-au.com/c/118306/69172/1880?g4g=true&cause={cause}&UniqueId={uniqueId}&memberID={memberId}",
  "bookworld.com.au": "http://g4gdata.com/gift4good/test.php?link=t.dgm-au.com/c/118306/95084/2343?g4g=true&cause={cause}&UniqueId={uniqueId}&memberID={memberId}",
  "boscoappliances.com": "http://g4gdata.com/gift4good/test.php?link=click.linksynergy.com/fs-bin/click?id=dwepkhG1hho&offerid=368294&type=3&subid=0&g4g=true&cause={cause}&UniqueId={uniqueId}&memberID={memberId}",
  "bowieaccessories.com.au": "http://g4gdata.com/gift4good/test.php?link=t.cfjump.com/t/13593/7845/?g4g=true&cause={cause}&UniqueId={uniqueId}&memberID={memberId}",
  "brandhousedirect,com,au": "http://g4gdata.com/gift4good/test.php?link=t.cfjump.com/t/13593/15263/?g4g=true&cause={cause}&UniqueId={uniqueId}&memberID={memberId}",
  "brando.com.au": "http://g4gdata.com/gift4good/test.php?link=t.cfjump.com/t/13593/20988/?g4g=true&cause={cause}&UniqueId={uniqueId}&memberID={memberId}",
  "brightbots.com.au": "http://g4gdata.com/gift4good/test.php?link=t.cfjump.com/t/13593/6643/?g4g=true&cause={cause}&UniqueId={uniqueId}&memberID={memberId}",
  "bronze.com.au": "http://g4gdata.com/gift4good/test.php?link=track.commissionfactory.com.au/t/13593/10371/?g4g=true&cause={cause}&UniqueId={uniqueId}&memberID={memberId}",
  "brosa.com.au": "http://g4gdata.com/gift4good/test.php?link=t.cfjump.com/t/13593/13865/?g4g=true&cause={cause}&UniqueId={uniqueId}&memberID={memberId}",
  "bulkwholefoods.com.au": "http://g4gdata.com/gift4good/test.php?link=t.cfjump.com/t/13593/21044/?g4g=true&cause={cause}&UniqueId={uniqueId}&memberID={memberId}",
  "cablechick.com.au": "http://g4gdata.com/gift4good/test.php?link=www.clixGalore.com/PSale.aspx?BID=115405&AfID=273427&AdID=12179&LP=www.cablechick.com.au%252f&g4g=true&cause={cause}&UniqueId={uniqueId}&memberID={memberId}",
  "calendars.com.au": "http://g4gdata.com/gift4good/test.php?link=t.cfjump.com/t/13593/15223/?g4g=true&cause={cause}&UniqueId={uniqueId}&memberID={memberId}",
  "camerahouse.com.au": "http://g4gdata.com/gift4good/test.php?link=t.cfjump.com/t/13593/21198/?g4g=true&cause={cause}&UniqueId={uniqueId}&memberID={memberId}",
  "cardcorner.com.au": "http://g4gdata.com/gift4good/test.php?link=www.clixGalore.com/Sale.aspx?BID=113630&AfID=273427&AdID=12027&LP=www.cardcorner.com.au&g4g=true&cause={cause}&UniqueId={uniqueId}&memberID={memberId}",
  "cartridgedepot.com.au": "http://g4gdata.com/gift4good/test.php?link=t.cfjump.com/t/13593/2644/?g4g=true&cause={cause}&UniqueId={uniqueId}&memberID={memberId}",
  "casperlewis.com.au": "http://g4gdata.com/gift4good/test.php?link=track.commissionfactory.com.au/t/13593/9471/?g4g=true&cause={cause}&UniqueId={uniqueId}&memberID={memberId}",
  "celebrationgiftware.com.au": "http://g4gdata.com/gift4good/test.php?link=www.clixGalore.com/PSale.aspx?BID=151928&AfID=273427&AdID=14612&LP=www.celebrationgiftware.com.au&g4g=true&cause={cause}&UniqueId={uniqueId}&memberID={memberId}",
  "cellarmasters.com.au": "http://g4gdata.com/gift4good/test.php?link=t.dgm-au.com/c/118306/133821/2707?g4g=true&cause={cause}&UniqueId={uniqueId}&memberID={memberId}",
  "changinghabits.com.au": "http://g4gdata.com/gift4good/test.php?link=t.cfjump.com/t/13593/3583/?g4g=true&cause={cause}&UniqueId={uniqueId}&memberID={memberId}",
  "ctshirts.com.au": "http://g4gdata.com/gift4good/test.php?link=click.linksynergy.com/fs-bin/click?id=dwepkhG1hho&offerid=271428.34&type=3&subid=0&g4g=true&cause={cause}&UniqueId={uniqueId}&memberID={memberId}",
  "citybeach.com.au": "http://g4gdata.com/gift4good/test.php?link=t.dgm-au.com/c/118306/139720/2780?g4g=true&cause={cause}&UniqueId={uniqueId}&memberID={memberId}",
  "clearlycontacts.com.au": "http://g4gdata.com/gift4good/test.php?link=click.linksynergy.com/fs-bin/click?id=dwepkhG1hho&offerid=326852.5&type=3&g4g=true&cause={cause}&UniqueId={uniqueId}&memberID={memberId}",
  "cleverstuff.com.au": "http://g4gdata.com/gift4good/test.php?link=www.clixGalore.com/PSale.aspx?BID=165157&AfID=273427&AdID=15343&LP=www.cleverstuff.com.au&g4g=true&cause={cause}&UniqueId={uniqueId}&memberID={memberId}",
  "cocokitten.com.au": "http://g4gdata.com/gift4good/test.php?link=track.commissionfactory.com.au/t/13593/8102/?g4g=true&cause={cause}&UniqueId={uniqueId}&memberID={memberId}",
  "cocoribbon.com.au": "http://g4gdata.com/gift4good/test.php?link=t.cfjump.com/t/13593/22110/?g4g=true&cause={cause}&UniqueId={uniqueId}&memberID={memberId}",
  "shop.coles.com.au": "http://g4gdata.com/gift4good/test.php?link=click.linksynergy.com/fs-bin/click?id=dwepkhG1hho&offerid=358382&type=3&subid=0&g4g=true&cause={cause}&UniqueId={uniqueId}&memberID={memberId}",
  "colettehayman.com.au": "http://g4gdata.com/gift4good/test.php?link=track.commissionfactory.com.au/t/13593/4762/?g4g=true&cause={cause}&UniqueId={uniqueId}&memberID={memberId}",
  "condura.com.au": "http://g4gdata.com/gift4good/test.php?link=t.cfjump.com/t/13593/15473/?g4g=true&cause={cause}&UniqueId={uniqueId}&memberID={memberId}",
  "connor.com.au": "http://g4gdata.com/gift4good/test.php?link=track.commissionfactory.com.au/t/13593/11770/?g4g=true&cause={cause}&UniqueId={uniqueId}&memberID={memberId}",
  "cookwarebrands.com.au": "http://g4gdata.com/gift4good/test.php?link=click.linksynergy.com/fs-bin/click?id=dwepkhG1hho&offerid=372693&type=3&subid=0&LSNSUBSITE=LSNSUBSITE&g4g=true&cause={cause}&UniqueId={uniqueId}&memberID={memberId}",
  "coolgifts.com.au": "http://g4gdata.com/gift4good/test.php?link=www.clixGalore.com/PSale.aspx?BID=59197&AfID=273427&AdID=7246&LP=www.coolgifts.com.au&g4g=true&cause={cause}&UniqueId={uniqueId}&memberID={memberId}",
  "costumebox.com.au": "http://g4gdata.com/gift4good/test.php?link=track.commissionfactory.com.au/t/13593/7532/?g4g=true&cause={cause}&UniqueId={uniqueId}&memberID={memberId}",
  "costumes.com.au": "http://g4gdata.com/gift4good/test.php?link=t.cfjump.com/t/13593/21142/?g4g=true&cause={cause}&UniqueId={uniqueId}&memberID={memberId}",
  "coursesforsuccess.com.au": "http://g4gdata.com/gift4good/test.php?link=track.commissionfactory.com.au/t/13593/10681/?g4g=true&cause={cause}&UniqueId={uniqueId}&memberID={memberId}",
  "covermore.com.au": "http://g4gdata.com/gift4good/test.php?link=t.cfjump.com/t/13593/11003/?g4g=true&cause={cause}&UniqueId={uniqueId}&memberID={memberId}",
  "crazysales.com.au": "http://g4gdata.com/gift4good/test.php?link=t.dgm-au.com/c/118306/47827/1482?g4g=true&cause={cause}&UniqueId={uniqueId}&memberID={memberId}",
  "crocs.com.au": "http://g4gdata.com/gift4good/test.php?link=click.linksynergy.com/fs-bin/click?id=dwepkhG1hho&offerid=325585.5&type=3&subid=0&g4g=true&cause={cause}&UniqueId={uniqueId}&memberID={memberId}",
  "customicing.com.au": "http://g4gdata.com/gift4good/test.php?link=www.clixGalore.com/PSale.aspx?BID=138383&AfID=273427&AdID=13876&LP=www.CustomIcing.com.au&g4g=true&cause={cause}&UniqueId={uniqueId}&memberID={memberId}",
  "dadshop.com.au": "http://g4gdata.com/gift4good/test.php?link=t.cfjump.com/t/13593/853/?g4g=true&cause={cause}&UniqueId={uniqueId}&memberID={memberId}",
  "danmurphys.com.au": "http://g4gdata.com/gift4good/test.php?link=t.dgm-au.com/c/118306/34511/1158?g4g=true&cause={cause}&UniqueId={uniqueId}&memberID={memberId}",
  "dcshoes.com.au": "http://g4gdata.com/gift4good/test.php?link=t.dgm-au.com/c/118306/33334/1186?g4g=true&cause={cause}&UniqueId={uniqueId}&memberID={memberId}",
  "dealsdirect.com.au": "http://g4gdata.com/gift4good/test.php?link=t.dgm-au.com/c/118306/29629/1069?g4g=true&cause={cause}&UniqueId={uniqueId}&memberID={memberId}",
  "dear-lover.com.au": "http://g4gdata.com/gift4good/test.php?link=track.commissionfactory.com.au/t/13593/10521/?g4g=true&cause={cause}&UniqueId={uniqueId}&memberID={memberId}",
  "deliveryhero.com.au": "http://g4gdata.com/gift4good/test.php?link=track.commissionfactory.com.au/t/13593/8533/?g4g=true&cause={cause}&UniqueId={uniqueId}&memberID={memberId}",
  "designcrowd.com.au": "http://g4gdata.com/gift4good/test.php?link=click.linksynergy.com/fs-bin/click?id=dwepkhG1hho&offerid=345310.42&type=3&subid=0&g4g=true&cause={cause}&UniqueId={uniqueId}&memberID={memberId}",
  "destinationxl.com/mens-big-and-tall-store": "http://g4gdata.com/gift4good/test.php?link=click.linksynergy.com/fs-bin/click?id=dwepkhG1hho&offerid=344546&type=3&subid=0&g4g=true&cause={cause}&UniqueId={uniqueId}&memberID={memberId}",
  "differentdrop.com": "http://g4gdata.com/gift4good/test.php?link=track.commissionfactory.com.au/t/13593/9304/?g4g=true&cause={cause}&UniqueId={uniqueId}&memberID={memberId}",
  "dirtcheapcameras.com.au": "http://g4gdata.com/gift4good/test.php?link=track.commissionfactory.com.au/t/13593/14836/?g4g=true&cause={cause}&UniqueId={uniqueId}&memberID={memberId}",
  "distino.com.au": "http://g4gdata.com/gift4good/test.php?link=www.clixGalore.com/PSale.aspx?BID=75051&AfID=273427&AdID=8699&LP=www.distino.com.au&g4g=true&cause={cause}&UniqueId={uniqueId}&memberID={memberId}",
  "dji.com": "http://g4gdata.com/gift4good/test.php?link=t.cfjump.com/t/13593/20261/?g4g=true&cause={cause}&UniqueId={uniqueId}&memberID={memberId}",
  "dollboxx.com.au": "http://g4gdata.com/gift4good/test.php?link=t.cfjump.com/t/13593/24088/?g4g=true&cause={cause}&UniqueId={uniqueId}&memberID={memberId}",
  "dotti.com.au": "http://g4gdata.com/gift4good/test.php?link=click.linksynergy.com/fs-bin/click?id=dwepkhG1hho&offerid=310751.9&type=3&subid=0&g4g=true&cause={cause}&UniqueId={uniqueId}&memberID={memberId}",
  "dungeoncrawl.com.au": "http://g4gdata.com/gift4good/test.php?link=t.cfjump.com/t/13593/20132/?g4g=true&cause={cause}&UniqueId={uniqueId}&memberID={memberId}",
  "eachbuyer.com": "http://g4gdata.com/gift4good/test.php?link=track.commissionfactory.com.au/t/13593/12969/?g4g=true&cause={cause}&UniqueId={uniqueId}&memberID={memberId}",
  "eastessence.com": "http://g4gdata.com/gift4good/test.php?link=t.cfjump.com/t/13593/19419/?g4g=true&cause={cause}&UniqueId={uniqueId}&memberID={memberId}",
  "eastwindtextiles.com.au": "http://g4gdata.com/gift4good/test.php?link=www.clixGalore.com/PSale.aspx?BID=162555&AfID=273427&AdID=15219&LP=www.eastwindtextiles.com.au&g4g=true&cause={cause}&UniqueId={uniqueId}&memberID={memberId}",
  "easypestsupplies.com.au": "http://g4gdata.com/gift4good/test.php?link=t.cfjump.com/t/13593/15823/?g4g=true&cause={cause}&UniqueId={uniqueId}&memberID={memberId}",
  "edibleblooms.com.au/": "http://g4gdata.com/gift4good/test.php?link=t.cfjump.com/t/13593/15926/?g4g=true&cause={cause}&UniqueId={uniqueId}&memberID={memberId}",
  "edisons.com.au": "http://g4gdata.com/gift4good/test.php?link=track.commissionfactory.com.au/t/13593/19456/?g4g=true&cause={cause}&UniqueId={uniqueId}&memberID={memberId}",
  "eglobaldigitalcameras.com.au": "http://g4gdata.com/gift4good/test.php?link=click.linksynergy.com/fs-bin/click?id=dwepkhG1hho&offerid=312470.5&type=3&subid=0&g4g=true&cause={cause}&UniqueId={uniqueId}&memberID={memberId}",
  "electronicsnow.com.au": "http://g4gdata.com/gift4good/test.php?link=track.commissionfactory.com.au/t/13593/15444/?g4g=true&cause={cause}&UniqueId={uniqueId}&memberID={memberId}",
  "elinz.com.au": "http://g4gdata.com/gift4good/test.php?link=t.cfjump.com/t/13593/17913/?g4g=true&cause={cause}&UniqueId={uniqueId}&memberID={memberId}",
  "30dayabshred.com.au": "http://g4gdata.com/gift4good/test.php?link=track.commissionfactory.com.au/t/13593/14216/?g4g=true&cause={cause}&UniqueId={uniqueId}&memberID={memberId}",
  "enjo.com.au": "http://g4gdata.com/gift4good/test.php?link=t.cfjump.com/t/13593/16313/affiliates?g4g=true&cause={cause}&UniqueId={uniqueId}&memberID={memberId}",
  "ennialingerie.com": "http://g4gdata.com/gift4good/test.php?link=t.cfjump.com/t/13593/10799/?g4g=true&cause={cause}&UniqueId={uniqueId}&memberID={memberId}",
  "epharmacy.com.au": "http://g4gdata.com/gift4good/test.php?link=t.dgm-au.com/c/118306/69167/1879?g4g=true&cause={cause}&UniqueId={uniqueId}&memberID={memberId}",
  "espressopoint.com.au": "http://g4gdata.com/gift4good/test.php?link=track.commissionfactory.com.au/t/13593/9572/?g4g=true&cause={cause}&UniqueId={uniqueId}&memberID={memberId}",
  "esprit.com.au": "http://g4gdata.com/gift4good/test.php?link=click.linksynergy.com/fs-bin/click?id=dwepkhG1hho&offerid=373250&type=3&subid=0&g4g=true&cause={cause}&UniqueId={uniqueId}&memberID={memberId}",
  "etraide.com.au": "http://g4gdata.com/gift4good/test.php?link=www.clixGalore.com/PSale.aspx?BID=163861&AfID=273427&AdID=15292&LP=www.etraid.com.au&g4g=true&cause={cause}&UniqueId={uniqueId}&memberID={memberId}",
  "eventsretail.com.au": "http://g4gdata.com/gift4good/test.php?link=track.commissionfactory.com.au/t/13593/12961/?g4g=true&cause={cause}&UniqueId={uniqueId}&memberID={memberId}",
  "expansys.com.au": "http://g4gdata.com/gift4good/test.php?link=t.dgm-au.com/c/118306/118553/2538?g4g=true&cause={cause}&UniqueId={uniqueId}&memberID={memberId}",
  "facialco.com.au": "http://g4gdata.com/gift4good/test.php?link=track.commissionfactory.com.au/t/13593/532/?g4g=true&cause={cause}&UniqueId={uniqueId}&memberID={memberId}",
  "fastcover.com.au": "http://g4gdata.com/gift4good/test.php?link=t.cfjump.com/t/13593/17092/CommFactory?g4g=true&cause={cause}&UniqueId={uniqueId}&memberID={memberId}",
  "feelingsexy.com.au": "http://g4gdata.com/gift4good/test.php?link=t.cfjump.com/t/13593/19221/?g4g=true&cause={cause}&UniqueId={uniqueId}&memberID={memberId}",
  "fengshuishop.com.au": "http://g4gdata.com/gift4good/test.php?link=www.clixGalore.com/PSale.aspx?BID=65834&AfID=273427&AdID=7971&LP=www.fengshuishop.com.au&g4g=true&cause={cause}&UniqueId={uniqueId}&memberID={memberId}",
  "findsports.com.au": "http://g4gdata.com/gift4good/test.php?link=t.cfjump.com/t/13593/18813/?g4g=true&cause={cause}&UniqueId={uniqueId}&memberID={memberId}",
  "firstvintage.com.au": "http://g4gdata.com/gift4good/test.php?link=click.linksynergy.com/fs-bin/click?id=dwepkhG1hho&offerid=320721&type=3&subid=0&g4g=true&cause={cause}&UniqueId={uniqueId}&memberID={memberId}",
  "fishfinderbooks.com": "http://g4gdata.com/gift4good/test.php?link=www.clixGalore.com/PSale.aspx?BID=166040&AfID=273427&AdID=15392&LP=www.fishfinderbooks.com&g4g=true&cause={cause}&UniqueId={uniqueId}&memberID={memberId}",
  "fishpond.com.au": "http://g4gdata.com/gift4good/test.php?link=www.fishpond.com.au/index.php?ref=4212&affiliate_banner_id=4&g4g=true&cause={cause}&UniqueId={uniqueId}&memberID={memberId}",
  "flowerclothing.com": "http://g4gdata.com/gift4good/test.php?link=t.cfjump.com/t/13593/14748/?g4g=true&cause={cause}&UniqueId={uniqueId}&memberID={memberId}",
  "flowers.com.au": "http://g4gdata.com/gift4good/test.php?link=t.dgm-au.com/c/118306/123349/2605?g4g=true&cause={cause}&UniqueId={uniqueId}&memberID={memberId}",
  "forcast.com.au": "http://g4gdata.com/gift4good/test.php?link=click.linksynergy.com/fs-bin/click?id=dwepkhG1hho&offerid=342583&type=3&subid=0&g4g=true&cause={cause}&UniqueId={uniqueId}&memberID={memberId}",
  "forzieri.com": "http://g4gdata.com/gift4good/test.php?link=click.linksynergy.com/fs-bin/click?id=dwepkhG1hho&offerid=301862.50&type=3&subid=0&g4g=true&cause={cause}&UniqueId={uniqueId}&memberID={memberId}",
  "fossil.com.au": "http://g4gdata.com/gift4good/test.php?link=t.dgm-au.com/c/118306/95089/2344?g4g=true&cause={cause}&UniqueId={uniqueId}&memberID={memberId}",
  "freemanx.com.au": "http://g4gdata.com/gift4good/test.php?link=www.clixGalore.com/PSale.aspx?BID=32130&AfID=273427&AdID=4527&LP=www.freemanXexperience.com.au&g4g=true&cause={cause}&UniqueId={uniqueId}&memberID={memberId}",
  "freez.com.au": "http://g4gdata.com/gift4good/test.php?link=track.commissionfactory.com.au/t/13593/6535/?g4g=true&cause={cause}&UniqueId={uniqueId}&memberID={memberId}",
  "fstore.com.au": "http://g4gdata.com/gift4good/test.php?link=track.commissionfactory.com.au/t/13593/2884/?g4g=true&cause={cause}&UniqueId={uniqueId}&memberID={memberId}",
  "furnishingsnow.com.au": "http://g4gdata.com/gift4good/test.php?link=t.cfjump.com/t/13593/19331/?g4g=true&cause={cause}&UniqueId={uniqueId}&memberID={memberId}",
  "futureschool.com.au": "http://g4gdata.com/gift4good/test.php?link=t.cfjump.com/t/13593/18492/fscf/?g4g=true&cause={cause}&UniqueId={uniqueId}&memberID={memberId}",
  "gemjoli.com.au": "http://g4gdata.com/gift4good/test.php?link=click.linksynergy.com/fs-bin/click?id=dwepkhG1hho&offerid=343724.8&type=3&subid=0&g4g=true&cause={cause}&UniqueId={uniqueId}&memberID={memberId}",
  "generalpants.com.au": "http://g4gdata.com/gift4good/test.php?link=t.dgm-au.com/c/118306/105854/2436?g4g=true&cause={cause}&UniqueId={uniqueId}&memberID={memberId}",
  "getglasses.com.au": "http://g4gdata.com/gift4good/test.php?link=track.commissionfactory.com.au/t/13593/13116/?g4g=true&cause={cause}&UniqueId={uniqueId}&memberID={memberId}",
  "getwinesdirect.com": "http://g4gdata.com/gift4good/test.php?link=t.cfjump.com/t/13593/9371/?g4g=true&cause={cause}&UniqueId={uniqueId}&memberID={memberId}",
  "giftsthatthrill.com.au": "http://g4gdata.com/gift4good/test.php?link=www.clixGalore.com/PSale.aspx?BID=49690&AfID=273427&AdID=6461&LP=www.giftsthatthrill.com.au&g4g=true&cause={cause}&UniqueId={uniqueId}&memberID={memberId}",
  "glamcorner.com.au": "http://g4gdata.com/gift4good/test.php?link=track.commissionfactory.com.au/t/13593/5833/?g4g=true&cause={cause}&UniqueId={uniqueId}&memberID={memberId}",
  "glasshousefragrances.com": "http://g4gdata.com/gift4good/test.php?link=t.cfjump.com/b/13593/29012/?g4g=true&cause={cause}&UniqueId={uniqueId}&memberID={memberId}",
  "glassons.com": "http://g4gdata.com/gift4good/test.php?link=track.commissionfactory.com.au/t/13593/9473/?g4g=true&cause={cause}&UniqueId={uniqueId}&memberID={memberId}",
  "glazeme.com.au": "http://g4gdata.com/gift4good/test.php?link=www.clixGalore.com/PSale.aspx?BID=173043&AfID=273427&AdID=15617&LP=glazeme.com.au&g4g=true&cause={cause}&UniqueId={uniqueId}&memberID={memberId}",
  "golftrends.com.au": "http://g4gdata.com/gift4good/test.php?link=www.clixGalore.com/PSale.aspx?BID=156007&AfID=273427&AdID=14845&LP=www.golftrends.com.au&g4g=true&cause={cause}&UniqueId={uniqueId}&memberID={memberId}",
  "goodscore.com.au": "http://g4gdata.com/gift4good/test.php?link=www.clixGalore.com/PSale.aspx?BID=31395&AfID=273427&AdID=4478&LP=www.goodscore.com&g4g=true&cause={cause}&UniqueId={uniqueId}&memberID={memberId}",
  "goodfoodgiftcard.com.au": "http://g4gdata.com/gift4good/test.php?link=www.clixGalore.com/PSale.aspx?BID=169330&AfID=273427&AdID=15505&LP=www.goodfoodgiftcard.com.au%252f&g4g=true&cause={cause}&UniqueId={uniqueId}&memberID={memberId}",
  "graysonline.com.au": "http://g4gdata.com/gift4good/test.php?link=t.dgm-au.com/c/118306/64464/1753?g4g=true&cause={cause}&UniqueId={uniqueId}&memberID={memberId}",
  "greengiftsaustralia.com.au": "http://g4gdata.com/gift4good/test.php?link=www.clixGalore.com/PSale.aspx?BID=123263&AfID=273427&AdID=12847&LP=www.greengiftsaustralia.com.au&g4g=true&cause={cause}&UniqueId={uniqueId}&memberID={memberId}",
  "gymandfitness.com.au": "http://g4gdata.com/gift4good/test.php?link=t.cfjump.com/t/13593/8997/?g4g=true&cause={cause}&UniqueId={uniqueId}&memberID={memberId}",
  "hallensteins.com": "http://g4gdata.com/gift4good/test.php?link=track.commissionfactory.com.au/t/13593/11005/?g4g=true&cause={cause}&UniqueId={uniqueId}&memberID={memberId}",
  "happytummies.com.au": "http://g4gdata.com/gift4good/test.php?link=t.cfjump.com/t/13593/19867/?g4g=true&cause={cause}&UniqueId={uniqueId}&memberID={memberId}",
  "hara.com.au": "http://g4gdata.com/gift4good/test.php?link=t.cfjump.com/t/13593/12572/?g4g=true&cause={cause}&UniqueId={uniqueId}&memberID={memberId}",
  "hardyakka.com.au": "http://g4gdata.com/gift4good/test.php?link=t.dgm-au.com/c/118306/68860/1869?g4g=true&cause={cause}&UniqueId={uniqueId}&memberID={memberId}",
  "healthpost.com.au": "http://g4gdata.com/gift4good/test.php?link=t.cfjump.com/t/13593/20134/?g4g=true&cause={cause}&UniqueId={uniqueId}&memberID={memberId}",
  "heavencostumes.com.au": "http://g4gdata.com/gift4good/test.php?link=t.cfjump.com/t/13593/20983/?g4g=true&cause={cause}&UniqueId={uniqueId}&memberID={memberId}",
  "hellocharlie.com.au": "http://g4gdata.com/gift4good/test.php?link=track.commissionfactory.com.au/t/13593/1564/?g4g=true&cause={cause}&UniqueId={uniqueId}&memberID={memberId}",
  "hellofresh.com.au": "http://g4gdata.com/gift4good/test.php?link=t.cfjump.com/t/13593/7165/?g4g=true&cause={cause}&UniqueId={uniqueId}&memberID={memberId}",
  "helloworld.com.au": "http://g4gdata.com/gift4good/test.php?link=t.dgm-au.com/c/118306/172775/3160?g4g=true&cause={cause}&UniqueId={uniqueId}&memberID={memberId}",
  "herfashionbox.com": "http://g4gdata.com/gift4good/test.php?link=t.cfjump.com/t/13593/8166/?g4g=true&cause={cause}&UniqueId={uniqueId}&memberID={memberId}",
  "hipkids.com.au": "http://g4gdata.com/gift4good/test.php?link=track.commissionfactory.com.au/t/13593/691/?g4g=true&cause={cause}&UniqueId={uniqueId}&memberID={memberId}",
  "hippoblue.com.au": "http://g4gdata.com/gift4good/test.php?link=t.cfjump.com/t/13593/14489/?g4g=true&cause={cause}&UniqueId={uniqueId}&memberID={memberId}",
  "homehello.com.au": "http://g4gdata.com/gift4good/test.php?link=t.cfjump.com/t/13593/23824/?g4g=true&cause={cause}&UniqueId={uniqueId}&memberID={memberId}",
  "hotelclub.com": "http://g4gdata.com/gift4good/test.php?link=click.linksynergy.com/fs-bin/click?id=dwepkhG1hho&offerid=334621.6&type=3&subid=0&g4g=true&cause={cause}&UniqueId={uniqueId}&memberID={memberId}",
  "humanhairextensionsonline.com.au": "http://g4gdata.com/gift4good/test.php?link=track.commissionfactory.com.au/t/13593/10991/?g4g=true&cause={cause}&UniqueId={uniqueId}&memberID={memberId}",
  "huntersandgatherers.com.au": "http://g4gdata.com/gift4good/test.php?link=track.commissionfactory.com.au/t/13593/15896/?g4g=true&cause={cause}&UniqueId={uniqueId}&memberID={memberId}",
  "huntingforgeorge.com": "http://g4gdata.com/gift4good/test.php?link=track.commissionfactory.com.au/t/13593/8435/?g4g=true&cause={cause}&UniqueId={uniqueId}&memberID={memberId}",
  "hurtlegear.com.au": "http://g4gdata.com/gift4good/test.php?link=t.cfjump.com/t/13593/6235/?g4g=true&cause={cause}&UniqueId={uniqueId}&memberID={memberId}",
  "icemulecoolers.com.au": "http://g4gdata.com/gift4good/test.php?link=www.clixGalore.com/PSale.aspx?BID=169091&AfID=273427&AdID=15496&LP=www.icemulecoolers.com.au&g4g=true&cause={cause}&UniqueId={uniqueId}&memberID={memberId}",
  "iconhomeware.com.au": "http://g4gdata.com/gift4good/test.php?link=track.commissionfactory.com.au/t/13593/16087/?g4g=true&cause={cause}&UniqueId={uniqueId}&memberID={memberId}",
  "idecorateshop.com": "http://g4gdata.com/gift4good/test.php?link=t.cfjump.com/t/13593/19613/?g4g=true&cause={cause}&UniqueId={uniqueId}&memberID={memberId}",
  "innovations.com.au": "http://g4gdata.com/gift4good/test.php?link=track.commissionfactory.com.au/t/13593/6799/?g4g=true&cause={cause}&UniqueId={uniqueId}&memberID={memberId}",
  "interflora.com.au": "http://g4gdata.com/gift4good/test.php?link=t.dgm-au.com/c/118306/75724/2016?g4g=true&cause={cause}&UniqueId={uniqueId}&memberID={memberId}",
  "interiorsecrets.com.au": "http://g4gdata.com/gift4good/test.php?link=t.cfjump.com/t/13593/14053/?g4g=true&cause={cause}&UniqueId={uniqueId}&memberID={memberId}",
  "ipersonalised.com": "http://g4gdata.com/gift4good/test.php?link=t.cfjump.com/t/13593/21045/?g4g=true&cause={cause}&UniqueId={uniqueId}&memberID={memberId}",
  "isabellaspassion.com.au": "http://g4gdata.com/gift4good/test.php?link=t.cfjump.com/t/13593/18945/?g4g=true&cause={cause}&UniqueId={uniqueId}&memberID={memberId}",
  "isubscribe.com.au": "http://g4gdata.com/gift4good/test.php?link=t.dgm-au.com/c/118306/30312/1103?g4g=true&cause={cause}&UniqueId={uniqueId}&memberID={memberId}",
  "itchibubs.com.au": "http://g4gdata.com/gift4good/test.php?link=www.clixGalore.com/PSale.aspx?BID=165919&AfID=273427&AdID=15386&LP=www.itchibubs.com.au&g4g=true&cause={cause}&UniqueId={uniqueId}&memberID={memberId}",
  "apple.com/itunes": "http://g4gdata.com/gift4good/test.php?link=itunes.apple.com/au/store/id444738740?uo=4&at=1l3vthp&g4g=true&cause={cause}&UniqueId={uniqueId}&memberID={memberId}",
  "izzz.com.au": "http://g4gdata.com/gift4good/test.php?link=t.cfjump.com/t/13593/4933/?g4g=true&cause={cause}&UniqueId={uniqueId}&memberID={memberId}",
  "jforjewels.com": "http://g4gdata.com/gift4good/test.php?link=www.clixGalore.com/PSale.aspx?BID=167610&AfID=273427&AdID=15455&LP=www.jforjewels.com&g4g=true&cause={cause}&UniqueId={uniqueId}&memberID={memberId}",
  "jacquie.com.au": "http://g4gdata.com/gift4good/test.php?link=click.linksynergy.com/fs-bin/click?id=dwepkhG1hho&offerid=329098.6&type=3&subid=0&g4g=true&cause={cause}&UniqueId={uniqueId}&memberID={memberId}",
  "jag.com.au": "http://g4gdata.com/gift4good/test.php?link=click.linksynergy.com/fs-bin/click?id=dwepkhG1hho&offerid=364499&type=3&subid=0&g4g=true&cause={cause}&UniqueId={uniqueId}&memberID={memberId}",
  "jayjays.com.au": "http://g4gdata.com/gift4good/test.php?link=click.linksynergy.com/fs-bin/click?id=dwepkhG1hho&offerid=336123&type=3&subid=0&g4g=true&cause={cause}&UniqueId={uniqueId}&memberID={memberId}",
  "jeanswest.com.au": "http://g4gdata.com/gift4good/test.php?link=click.linksynergy.com/fs-bin/click?id=dwepkhG1hho&offerid=327103&type=3&subid=0&g4g=true&cause={cause}&UniqueId={uniqueId}&memberID={memberId}",
  "shopjessicabuurman.com": "http://g4gdata.com/gift4good/test.php?link=track.commissionfactory.com.au/t/13593/10626/?g4g=true&cause={cause}&UniqueId={uniqueId}&memberID={memberId}",
  "jfahri.com.au": "http://g4gdata.com/gift4good/test.php?link=track.commissionfactory.com.au/t/13593/11101/?g4g=true&cause={cause}&UniqueId={uniqueId}&memberID={memberId}",
  "joebutton.com": "http://g4gdata.com/gift4good/test.php?link=track.commissionfactory.com.au/t/13593/6178/?g4g=true&cause={cause}&UniqueId={uniqueId}&memberID={memberId}",
  "johnnybigg.com.au": "http://g4gdata.com/gift4good/test.php?link=click.linksynergy.com/fs-bin/click?id=dwepkhG1hho&offerid=363147&type=3&subid=0&g4g=true&cause={cause}&UniqueId={uniqueId}&memberID={memberId}",
  "justflowers.com.au": "http://g4gdata.com/gift4good/test.php?link=www.clixGalore.com/PSale.aspx?BID=97412&AfID=273427&AdID=10599&LP=www.justflowers.com.au%252findex.php%253fref%253dgooglead%2526keyw%253dclixGalore&g4g=true&cause={cause}&UniqueId={uniqueId}&memberID={memberId}",
  "justjeans.com.au": "http://g4gdata.com/gift4good/test.php?link=click.linksynergy.com/fs-bin/click?id=dwepkhG1hho&offerid=333231&type=3&subid=0&g4g=true&cause={cause}&UniqueId={uniqueId}&memberID={memberId}",
  "justmobile.com.au": "http://g4gdata.com/gift4good/test.php?link=t.dgm-au.com/c/118306/33943/1171?g4g=true&cause={cause}&UniqueId={uniqueId}&memberID={memberId}",
  "kaboodlehampers.com.au": "http://g4gdata.com/gift4good/test.php?link=www.clixGalore.com/PSale.aspx?BID=170316&AfID=273427&AdID=15534&LP=www.kaboodlehampers.com.au&g4g=true&cause={cause}&UniqueId={uniqueId}&memberID={memberId}",
  "kitchenstyle.com.au": "http://g4gdata.com/gift4good/test.php?link=track.commissionfactory.com.au/t/13593/9604/?g4g=true&cause={cause}&UniqueId={uniqueId}&memberID={memberId}",
  "kittendamour.com": "http://g4gdata.com/gift4good/test.php?link=t.cfjump.com/t/13593/23808/?g4g=true&cause={cause}&UniqueId={uniqueId}&memberID={memberId}",
  "kobobooks.com": "http://g4gdata.com/gift4good/test.php?link=click.linksynergy.com/fs-bin/click?id=dwepkhG1hho&offerid=308963.1085&type=3&subid=0&g4g=true&cause={cause}&UniqueId={uniqueId}&memberID={memberId}",
  "kurtgeiger.com.au": "http://g4gdata.com/gift4good/test.php?link=t.dgm-au.com/c/118306/139298/2772?g4g=true&cause={cause}&UniqueId={uniqueId}&memberID={memberId}",
  "lalalandfashion.com": "http://g4gdata.com/gift4good/test.php?link=t.cfjump.com/t/13593/15067/?g4g=true&cause={cause}&UniqueId={uniqueId}&memberID={memberId}",
  "ledhut.com.au": "http://g4gdata.com/gift4good/test.php?link=t.cfjump.com/t/13593/18582/?g4g=true&cause={cause}&UniqueId={uniqueId}&memberID={memberId}",
  "lhami.com.au": "http://g4gdata.com/gift4good/test.php?link=t.cfjump.com/t/13593/18198/?g4g=true&cause={cause}&UniqueId={uniqueId}&memberID={memberId}",
  "lightinthebox.com": "http://g4gdata.com/gift4good/test.php?link=t.cfjump.com/t/13593/14207/?g4g=true&cause={cause}&UniqueId={uniqueId}&memberID={memberId}",
  "limetreekids.com.au": "http://g4gdata.com/gift4good/test.php?link=www.clixGalore.com/PSale.aspx?BID=157383&AfID=273427&AdID=14927&LP=www.limetreekids.com.au&g4g=true&cause={cause}&UniqueId={uniqueId}&memberID={memberId}",
  "littledanceinvitations.com.au": "http://g4gdata.com/gift4good/test.php?link=www.clixGalore.com/PSale.aspx?BID=111797&AfID=273427&AdID=11858&LP=www.littledanceinvitations.com.au&g4g=true&cause={cause}&UniqueId={uniqueId}&memberID={memberId}",
  "littlepartydress.com.au": "http://g4gdata.com/gift4good/test.php?link=t.dgm-au.com/c/118306/134651/2714?g4g=true&cause={cause}&UniqueId={uniqueId}&memberID={memberId}",
  "LivingStyles.com.au": "http://g4gdata.com/gift4good/test.php?link=track.commissionfactory.com.au/t/13593/11771/?g4g=true&cause={cause}&UniqueId={uniqueId}&memberID={memberId}",
  "au.loccitane.com": "http://g4gdata.com/gift4good/test.php?link=click.linksynergy.com/fs-bin/click?id=dwepkhG1hho&offerid=323149&type=3&subid=0&g4g=true&cause={cause}&UniqueId={uniqueId}&memberID={memberId}",
  "lovejk.com.au": "http://g4gdata.com/gift4good/test.php?link=t.cfjump.com/t/13593/14907/?g4g=true&cause={cause}&UniqueId={uniqueId}&memberID={memberId}",
  "lusthaveit.com.au": "http://g4gdata.com/gift4good/test.php?link=t.dgm-au.com/c/118306/124046/2618?g4g=true&cause={cause}&UniqueId={uniqueId}&memberID={memberId}",
  "luxehampers.com.au": "http://g4gdata.com/gift4good/test.php?link=www.clixGalore.com/PSale.aspx?BID=165279&AfID=273427&AdID=15353&LP=www.luxehampers.com.au&g4g=true&cause={cause}&UniqueId={uniqueId}&memberID={memberId}",
  "macarthurbaskets.com.au": "http://g4gdata.com/gift4good/test.php?link=t.cfjump.com/t/13593/394/?g4g=true&cause={cause}&UniqueId={uniqueId}&memberID={memberId}",
  "macfixit.oom.au": "http://g4gdata.com/gift4good/test.php?link=t.cfjump.com/t/13593/20869/?g4g=true&cause={cause}&UniqueId={uniqueId}&memberID={memberId}",
  "macri.com.au": "http://g4gdata.com/gift4good/test.php?link=t.cfjump.com/t/13593/21009/?g4g=true&cause={cause}&UniqueId={uniqueId}&memberID={memberId}",
  "macys.com": "http://g4gdata.com/gift4good/test.php?link=click.linksynergy.com/fs-bin/click?id=dwepkhG1hho&offerid=289507.4660&type=3&subid=0&g4g=true&cause={cause}&UniqueId={uniqueId}&memberID={memberId}",
  "mainlinemenswear.co.uk": "http://g4gdata.com/gift4good/test.php?link=click.linksynergy.com/fs-bin/click?id=dwepkhG1hho&offerid=307810&type=3&subid=0&g4g=true&cause={cause}&UniqueId={uniqueId}&memberID={memberId}",
  "mamaway.com.au": "http://g4gdata.com/gift4good/test.php?link=t.dgm-au.com/c/118306/136200/2731?g4g=true&cause={cause}&UniqueId={uniqueId}&memberID={memberId}",
  "manchestermadness.com.au": "http://g4gdata.com/gift4good/test.php?link=www.clixGalore.com/PSale.aspx?BID=172974&AfID=273427&AdID=15616&LP=www.manchestermadness.com.au&g4g=true&cause={cause}&UniqueId={uniqueId}&memberID={memberId}",
  "marksandspencer.com": "http://g4gdata.com/gift4good/test.php?link=t.dgm-au.com/c/118306/42750/1378?g4g=true&cause={cause}&UniqueId={uniqueId}&memberID={memberId}",
  "masters.com.au": "http://g4gdata.com/gift4good/test.php?link=click.linksynergy.com/fs-bin/click?id=dwepkhG1hho&offerid=342984&type=3&subid=0&g4g=true&cause={cause}&UniqueId={uniqueId}&memberID={memberId}",
  "mememecosmetics.com.au": "http://g4gdata.com/gift4good/test.php?link=www.clixGalore.com/PSale.aspx?BID=139471&AfID=273427&AdID=13938&LP=www.mememecosmetics.com.au&g4g=true&cause={cause}&UniqueId={uniqueId}&memberID={memberId}",
  "metalicus.com": "http://g4gdata.com/gift4good/test.php?link=track.commissionfactory.com.au/t/13593/12528/?g4g=true&cause={cause}&UniqueId={uniqueId}&memberID={memberId}",
  "millers.com.au": "http://g4gdata.com/gift4good/test.php?link=track.commissionfactory.com.au/t/13593/8974/?g4g=true&cause={cause}&UniqueId={uniqueId}&memberID={memberId}",
  "miniinthebox.com": "http://g4gdata.com/gift4good/test.php?link=t.cfjump.com/t/13593/14316/?g4g=true&cause={cause}&UniqueId={uniqueId}&memberID={memberId}",
  "mismo.com.au": "http://g4gdata.com/gift4good/test.php?link=track.commissionfactory.com.au/t/13593/14084/?g4g=true&cause={cause}&UniqueId={uniqueId}&memberID={memberId}",
  "missholly.com.au": "http://g4gdata.com/gift4good/test.php?link=t.dgm-au.com/c/118306/147959/2882?g4g=true&cause={cause}&UniqueId={uniqueId}&memberID={memberId}",
  "moo.com": "http://g4gdata.com/gift4good/test.php?link=t.cfjump.com/t/13593/11779/?g4g=true&cause={cause}&UniqueId={uniqueId}&memberID={memberId}",
  "moolollybar.com.au": "http://g4gdata.com/gift4good/test.php?link=t.cfjump.com/t/13593/1582/?g4g=true&cause={cause}&UniqueId={uniqueId}&memberID={memberId}",
  "moonpig.com.au": "http://g4gdata.com/gift4good/test.php?link=www.clixGalore.com/PSale.aspx?BID=94495&AfID=273427&AdID=8516&LP=www.moonpig.com.au&g4g=true&cause={cause}&UniqueId={uniqueId}&memberID={memberId}",
  "mosmannaustralia.com": "http://g4gdata.com/gift4good/test.php?link=t.cfjump.com/t/13593/18802/?g4g=true&cause={cause}&UniqueId={uniqueId}&memberID={memberId}",
  "au.mossbros.com": "http://g4gdata.com/gift4good/test.php?link=click.linksynergy.com/fs-bin/click?id=dwepkhG1hho&offerid=357724&type=3&subid=0&g4g=true&cause={cause}&UniqueId={uniqueId}&memberID={memberId}",
  "mossimo.com.au": "http://g4gdata.com/gift4good/test.php?link=t.dgm-au.com/c/118306/74876/1994?g4g=true&cause={cause}&UniqueId={uniqueId}&memberID={memberId}",
  "mychemist.com.au": "http://g4gdata.com/gift4good/test.php?link=t.dgm-au.com/c/118306/101751/2406?g4g=true&cause={cause}&UniqueId={uniqueId}&memberID={memberId}",
  "mycollectables.com.au": "http://g4gdata.com/gift4good/test.php?link=t.cfjump.com/t/13593/21954/?g4g=true&cause={cause}&UniqueId={uniqueId}&memberID={memberId}",
  "nakedspecs.com": "http://g4gdata.com/gift4good/test.php?link=track.commissionfactory.com.au/t/13593/14125/?g4g=true&cause={cause}&UniqueId={uniqueId}&memberID={memberId}",
  "nativebox.com.au": "http://g4gdata.com/gift4good/test.php?link=t.cfjump.com/t/13593/15503/?g4g=true&cause={cause}&UniqueId={uniqueId}&memberID={memberId}",
  "naturalcity.com.au": "http://g4gdata.com/gift4good/test.php?link=www.clixGalore.com/PSale.aspx?BID=162568&AfID=273427&AdID=15221&LP=www.naturalcity.com.au&g4g=true&cause={cause}&UniqueId={uniqueId}&memberID={memberId}",
  "naturalearthhealthproducts.com.au": "http://g4gdata.com/gift4good/test.php?link=t.cfjump.com/t/13593/14398/?g4g=true&cause={cause}&UniqueId={uniqueId}&memberID={memberId}",
  "neverlandstore.com.au": "http://g4gdata.com/gift4good/test.php?link=track.commissionfactory.com.au/t/13593/15149/?g4g=true&cause={cause}&UniqueId={uniqueId}&memberID={memberId}",
  "nisbets.com.au": "http://g4gdata.com/gift4good/test.php?link=t.dgm-au.com/c/118306/110556/2464?g4g=true&cause={cause}&UniqueId={uniqueId}&memberID={memberId}",
  "nourishedlife.com.au": "http://g4gdata.com/gift4good/test.php?link=track.commissionfactory.com.au/t/13593/10778/?g4g=true&cause={cause}&UniqueId={uniqueId}&memberID={memberId}",
  "oasis.andotherbrands.com": "http://g4gdata.com/gift4good/test.php?link=click.linksynergy.com/fs-bin/click?id=dwepkhG1hho&offerid=333576.5&type=3&subid=0&g4g=true&cause={cause}&UniqueId={uniqueId}&memberID={memberId}",
  "onsport.com.au": "http://g4gdata.com/gift4good/test.php?link=t.dgm-au.com/c/118306/90226/2252?g4g=true&cause={cause}&UniqueId={uniqueId}&memberID={memberId}",
  "oo.com.au": "http://g4gdata.com/gift4good/test.php?link=t.dgm-au.com/c/118306/95053/2342?g4g=true&cause={cause}&UniqueId={uniqueId}&memberID={memberId}",
  "ok4kids.com.au": "http://g4gdata.com/gift4good/test.php?link=www.clixGalore.com/PSale.aspx?BID=36361&AfID=273427&AdID=5053&LP=www.ok4kids.com.au&g4g=true&cause={cause}&UniqueId={uniqueId}&memberID={memberId}",
  "ourdeal.com.au": "http://g4gdata.com/gift4good/test.php?link=click.linksynergy.com/fs-bin/click?id=dwepkhG1hho&offerid=365950&type=3&subid=0&g4g=true&cause={cause}&UniqueId={uniqueId}&memberID={memberId}",
  "overlandfootwear.co.nz": "http://g4gdata.com/gift4good/test.php?link=t.cfjump.com/t/13593/22137/?g4g=true&cause={cause}&UniqueId={uniqueId}&memberID={memberId}",
  "oxfamshop.org.au": "http://g4gdata.com/gift4good/test.php?link=t.dgm-au.com/c/118306/30705/1141?g4g=true&cause={cause}&UniqueId={uniqueId}&memberID={memberId}",
  "oxfordshop.com.au": "http://g4gdata.com/gift4good/test.php?link=click.linksynergy.com/fs-bin/click?id=dwepkhG1hho&offerid=371675&type=3&subid=0&g4g=true&cause={cause}&UniqueId={uniqueId}&memberID={memberId}",
  "ozlighting.com.au": "http://g4gdata.com/gift4good/test.php?link=t.cfjump.com/t/13593/18818/?g4g=true&cause={cause}&UniqueId={uniqueId}&memberID={memberId}",
  "ozgameshop.com": "http://g4gdata.com/gift4good/test.php?link=t.cfjump.com/t/13593/11793/?g4g=true&cause={cause}&UniqueId={uniqueId}&memberID={memberId}",
  "ozspy.com.au": "http://g4gdata.com/gift4good/test.php?link=www.clixGalore.com/PSale.aspx?BID=108589&AfID=273427&AdID=11604&LP=www.ozspy.com.au&g4g=true&cause={cause}&UniqueId={uniqueId}&memberID={memberId}",
  "pampersnappies.com.au": "http://g4gdata.com/gift4good/test.php?link=track.commissionfactory.com.au/t/13593/13526/?g4g=true&cause={cause}&UniqueId={uniqueId}&memberID={memberId}",
  "partyjunction.com.au": "http://g4gdata.com/gift4good/test.php?link=track.commissionfactory.com.au/t/13593/14662/?g4g=true&cause={cause}&UniqueId={uniqueId}&memberID={memberId}",
  "partysuppliesnow.com.au": "http://g4gdata.com/gift4good/test.php?link=t.cfjump.com/t/13593/9732/?g4g=true&cause={cause}&UniqueId={uniqueId}&memberID={memberId}",
  "paulaschoice.com.au": "http://g4gdata.com/gift4good/test.php?link=click.linksynergy.com/fs-bin/click?id=dwepkhG1hho&offerid=349290.12&type=3&subid=0&g4g=true&cause={cause}&UniqueId={uniqueId}&memberID={memberId}",
  "petals.com.au": "http://g4gdata.com/gift4good/test.php?link=t.cfjump.com/t/13593/7602/ai7302auen.html?g4g=true&cause={cause}&UniqueId={uniqueId}&memberID={memberId}",
  "peteralexander.com.au": "http://g4gdata.com/gift4good/test.php?link=click.linksynergy.com/fs-bin/click?id=dwepkhG1hho&offerid=333226&type=3&subid=0&g4g=true&cause={cause}&UniqueId={uniqueId}&memberID={memberId}",
  "petspalace.com.au": "http://g4gdata.com/gift4good/test.php?link=track.commissionfactory.com.au/t/13593/9327/?g4g=true&cause={cause}&UniqueId={uniqueId}&memberID={memberId}",
  "photobookaustralia.com": "http://g4gdata.com/gift4good/test.php?link=click.linksynergy.com/fs-bin/click?id=dwepkhG1hho&offerid=319351.68&subid=0&g4g=true&cause={cause}&UniqueId={uniqueId}&memberID={memberId}",
  "pilgrimclothing.com.au": "http://g4gdata.com/gift4good/test.php?link=t.cfjump.com/t/13593/18926/?g4g=true&cause={cause}&UniqueId={uniqueId}&memberID={memberId}",
  "plants.com.au": "http://g4gdata.com/gift4good/test.php?link=www.clixGalore.com/PSale.aspx?BID=145903&AfID=273427&AdID=14292&LP=www.plants.com.au&g4g=true&cause={cause}&UniqueId={uniqueId}&memberID={memberId}",
  "plumprettysugar.com": "http://g4gdata.com/gift4good/test.php?link=t.cfjump.com/t/13593/19494/?g4g=true&cause={cause}&UniqueId={uniqueId}&memberID={memberId}",
  "portmans.com.au": "http://g4gdata.com/gift4good/test.php?link=click.linksynergy.com/fs-bin/click?id=dwepkhG1hho&offerid=333228&type=3&subid=0&g4g=true&cause={cause}&UniqueId={uniqueId}&memberID={memberId}",
  "priceritemart.com.au": "http://g4gdata.com/gift4good/test.php?link=track.commissionfactory.com.au/t/13593/13804/?g4g=true&cause={cause}&UniqueId={uniqueId}&memberID={memberId}",
  "priceline.com.au": "http://g4gdata.com/gift4good/test.php?link=t.dgm-au.com/c/118306/58975/1668?g4g=true&cause={cause}&UniqueId={uniqueId}&memberID={memberId}",
  "princesspolly.com": "http://g4gdata.com/gift4good/test.php?link=t.cfjump.com/t/13593/17740/?g4g=true&cause={cause}&UniqueId={uniqueId}&memberID={memberId}",
  "printvenue.com.au": "http://g4gdata.com/gift4good/test.php?link=t.cfjump.com/t/13593/23772/?g4g=true&cause={cause}&UniqueId={uniqueId}&memberID={memberId}",
  "purpleturtletoys.com.au": "http://g4gdata.com/gift4good/test.php?link=www.clixGalore.com/PSale.aspx?BID=40026&AfID=273427&AdID=5456&LP=www.purpleturtletoys.com.au&g4g=true&cause={cause}&UniqueId={uniqueId}&memberID={memberId}",
  "pussyfootsocks.com.au": "http://g4gdata.com/gift4good/test.php?link=track.commissionfactory.com.au/t/13593/14752/?g4g=true&cause={cause}&UniqueId={uniqueId}&memberID={memberId}",
  "queenbee.com.au": "http://g4gdata.com/gift4good/test.php?link=www.clixGalore.com/PSale.aspx?BID=163103&AfID=273427&AdID=15267&LP=www.queenbee.com.au&g4g=true&cause={cause}&UniqueId={uniqueId}&memberID={memberId}",
  "quiksilver.com.au": "http://g4gdata.com/gift4good/test.php?link=t.dgm-au.com/c/118306/146444/1093?g4g=true&cause={cause}&UniqueId={uniqueId}&memberID={memberId}",
  "rainbowdesigns.com.au": "http://g4gdata.com/gift4good/test.php?link=www.clixGalore.com/PSale.aspx?BID=111555&AfID=273427&AdID=3227&LP=www.rainbowdesigns.com.au%252f&g4g=true&cause={cause}&UniqueId={uniqueId}&memberID={memberId}",
  "real-nappies.com.au": "http://g4gdata.com/gift4good/test.php?link=www.clixGalore.com/PSale.aspx?BID=168510&AfID=273427&AdID=15481&LP=www.real-nappies.com.au&g4g=true&cause={cause}&UniqueId={uniqueId}&memberID={memberId}",
  "rebelsport.com.au": "http://g4gdata.com/gift4good/test.php?link=t.dgm-au.com/c/118306/33584/1129?g4g=true&cause={cause}&UniqueId={uniqueId}&memberID={memberId}",
  "ry.com.au": "http://g4gdata.com/gift4good/test.php?link=track.commissionfactory.com.au/t/13593/976/?g4g=true&cause={cause}&UniqueId={uniqueId}&memberID={memberId}",
  "redballoon.com.au": "http://g4gdata.com/gift4good/test.php?link=www.clixGalore.com/PSale.aspx?BID=20913&AfID=273427&AdID=3280&LP=ww.redballoon.com.au&g4g=true&cause={cause}&UniqueId={uniqueId}&memberID={memberId}",
  "redhotsunglasses.com.au": "http://g4gdata.com/gift4good/test.php?link=t.cfjump.com/t/13593/18927/?g4g=true&cause={cause}&UniqueId={uniqueId}&memberID={memberId}",
  "reebonz.com.au": "http://g4gdata.com/gift4good/test.php?link=t.dgm-au.com/c/118306/142027/2806?g4g=true&cause={cause}&UniqueId={uniqueId}&memberID={memberId}",
  "reidcycles.com.au": "http://g4gdata.com/gift4good/test.php?link=click.linksynergy.com/fs-bin/click?id=dwepkhG1hho&offerid=356693&type=3&g4g=true&cause={cause}&UniqueId={uniqueId}&memberID={memberId}",
  "renovatorstore.com.au": "http://g4gdata.com/gift4good/test.php?link=click.linksynergy.com/fs-bin/click?id=dwepkhG1hho&offerid=353159.16&type=3&subid=0&g4g=true&cause={cause}&UniqueId={uniqueId}&memberID={memberId}",
  "review-australia.com": "http://g4gdata.com/gift4good/test.php?link=t.dgm-au.com/c/118306/90048/2247?g4g=true&cause={cause}&UniqueId={uniqueId}&memberID={memberId}",
  "roomorama.com": "http://g4gdata.com/gift4good/test.php?link=t.cfjump.com/t/13593/18946/?g4g=true&cause={cause}&UniqueId={uniqueId}&memberID={memberId}",
  "au.roxy.com": "http://g4gdata.com/gift4good/test.php?link=t.dgm-au.com/c/118306/33182/1185?g4g=true&cause={cause}&UniqueId={uniqueId}&memberID={memberId}",
  "rubyolive.com.au": "http://g4gdata.com/gift4good/test.php?link=t.cfjump.com/t/13593/11995/?g4g=true&cause={cause}&UniqueId={uniqueId}&memberID={memberId}",
  "runstopshop.com.au": "http://g4gdata.com/gift4good/test.php?link=track.commissionfactory.com.au/t/13593/9203/?g4g=true&cause={cause}&UniqueId={uniqueId}&memberID={memberId}",
  "runwaybidder.com": "http://g4gdata.com/gift4good/test.php?link=click.linksynergy.com/fs-bin/click?id=dwepkhG1hho&offerid=288596&type=3&subid=0&g4g=true&cause={cause}&UniqueId={uniqueId}&memberID={memberId}",
  "au.rusty.com": "http://g4gdata.com/gift4good/test.php?link=click.linksynergy.com/fs-bin/click?id=dwepkhG1hho&offerid=373075&type=3&subid=0&g4g=true&cause={cause}&UniqueId={uniqueId}&memberID={memberId}",
  "saba.com.au": "http://g4gdata.com/gift4good/test.php?link=click.linksynergy.com/fs-bin/click?id=dwepkhG1hho&offerid=278366&type=3&subid=0&g4g=true&cause={cause}&UniqueId={uniqueId}&memberID={memberId}",
  "saksfifthavenue.com": "http://g4gdata.com/gift4good/test.php?link=click.linksynergy.com/fs-bin/click?id=dwepkhG1hho&offerid=300798&type=3&subid=0&g4g=true&cause={cause}&UniqueId={uniqueId}&memberID={memberId}",
  "sambag.com.au": "http://g4gdata.com/gift4good/test.php?link=track.commissionfactory.com.au/t/13593/11255/?g4g=true&cause={cause}&UniqueId={uniqueId}&memberID={memberId}",
  "seaworldresort.myfun.com.au": "http://g4gdata.com/gift4good/test.php?link=t.dgm-au.com/c/118306/30648/1137?g4g=true&cause={cause}&UniqueId={uniqueId}&memberID={memberId}",
  "seagullsofstkilda.com.au": "http://g4gdata.com/gift4good/test.php?link=t.cfjump.com/t/13593/19610/?g4g=true&cause={cause}&UniqueId={uniqueId}&memberID={memberId}",
  "sendabasket.com.au": "http://g4gdata.com/gift4good/test.php?link=www.clixGalore.com/PSale.aspx?BID=62015&AfID=273427&AdID=7547&LP=www.sendabasket.com.au&g4g=true&cause={cause}&UniqueId={uniqueId}&memberID={memberId}",
  "shavershop.com.au": "http://g4gdata.com/gift4good/test.php?link=t.cfjump.com/t/13593/21392/?g4g=true&cause={cause}&UniqueId={uniqueId}&memberID={memberId}",
  "sheridynswim.com.au": "http://g4gdata.com/gift4good/test.php?link=t.cfjump.com/t/13593/17907/?g4g=true&cause={cause}&UniqueId={uniqueId}&memberID={memberId}",
  "sierratradingpost.com": "http://g4gdata.com/gift4good/test.php?link=click.linksynergy.com/fs-bin/click?id=dwepkhG1hho&offerid=275726&type=3&subid=0&g4g=true&cause={cause}&UniqueId={uniqueId}&memberID={memberId}",
  "simplywholesale.com.au": "http://g4gdata.com/gift4good/test.php?link=t.dgm-au.com/c/118306/151050/2912?g4g=true&cause={cause}&UniqueId={uniqueId}&memberID={memberId}",
  "skincarestore.com.au": "http://g4gdata.com/gift4good/test.php?link=click.linksynergy.com/fs-bin/click?id=dwepkhG1hho&offerid=361039&type=3&subid=0&g4g=true&cause={cause}&UniqueId={uniqueId}&memberID={memberId}",
  "slashsport.com": "http://g4gdata.com/gift4good/test.php?link=click.linksynergy.com/fs-bin/click?id=dwepkhG1hho&offerid=354087&type=3&subid=0&g4g=true&cause={cause}&UniqueId={uniqueId}&memberID={memberId}",
  "smiggle.com.au": "http://g4gdata.com/gift4good/test.php?link=click.linksynergy.com/fs-bin/click?id=dwepkhG1hho&offerid=336121.6&type=3&subid=0&g4g=true&cause={cause}&UniqueId={uniqueId}&memberID={memberId}",
  "smile.com.au": "http://g4gdata.com/gift4good/test.php?link=track.commissionfactory.com.au/t/13593/13520/?g4g=true&cause={cause}&UniqueId={uniqueId}&memberID={memberId}",
  "snapfish.com.au": "http://g4gdata.com/gift4good/test.php?link=t.dgm-au.com/c/118306/152593/2923?g4g=true&cause={cause}&UniqueId={uniqueId}&memberID={memberId}",
  "sneakingduck.com": "http://g4gdata.com/gift4good/test.php?link=track.commissionfactory.com.au/t/13593/11433/?g4g=true&cause={cause}&UniqueId={uniqueId}&memberID={memberId}",
  "socialcheck.com": "http://g4gdata.com/gift4good/test.php?link=t.dgm-au.com/c/118306/153720/2937?g4g=true&cause={cause}&UniqueId={uniqueId}&memberID={memberId}",
  "sodashi.com": "http://g4gdata.com/gift4good/test.php?link=t.cfjump.com/t/13593/10533/?g4g=true&cause={cause}&UniqueId={uniqueId}&memberID={memberId}",
  "sportinghousedirect.com.au": "http://g4gdata.com/gift4good/test.php?link=track.commissionfactory.com.au/t/13593/2434/?g4g=true&cause={cause}&UniqueId={uniqueId}&memberID={memberId}",
  "sportsgrab.com.au": "http://g4gdata.com/gift4good/test.php?link=track.commissionfactory.com.au/t/13593/4642/?g4g=true&cause={cause}&UniqueId={uniqueId}&memberID={memberId}",
  "sportscraft.com.au": "http://g4gdata.com/gift4good/test.php?link=click.linksynergy.com/fs-bin/click?id=dwepkhG1hho&offerid=288599&type=3&subid=0&g4g=true&cause={cause}&UniqueId={uniqueId}&memberID={memberId}",
  "sportyshealth.com.au": "http://g4gdata.com/gift4good/test.php?link=track.commissionfactory.com.au/t/13593/14365/?g4g=true&cause={cause}&UniqueId={uniqueId}&memberID={memberId}",
  "strideshoes.com.au": "http://g4gdata.com/gift4good/test.php?link=track.commissionfactory.com.au/t/13593/10787/?g4g=true&cause={cause}&UniqueId={uniqueId}&memberID={memberId}",
  "strongliftwear.com": "http://g4gdata.com/gift4good/test.php?link=click.linksynergy.com/fs-bin/click?id=dwepkhG1hho&offerid=351646&type=3&subid=0&g4g=true&cause={cause}&UniqueId={uniqueId}&memberID={memberId}",
  "sunglasshut.com/au": "http://g4gdata.com/gift4good/test.php?link=click.linksynergy.com/fs-bin/click?id=dwepkhG1hho&offerid=358053&type=3&subid=0&g4g=true&cause={cause}&UniqueId={uniqueId}&memberID={memberId}",
  "superdry.com.au": "http://g4gdata.com/gift4good/test.php?link=t.dgm-au.com/c/118306/80420/2112?g4g=true&cause={cause}&UniqueId={uniqueId}&memberID={memberId}",
  "surfstitch.com": "http://g4gdata.com/gift4good/test.php?link=t.dgm-au.com/c/118306/33353/1057?g4g=true&cause={cause}&UniqueId={uniqueId}&memberID={memberId}",
  "swayy.com.au": "http://g4gdata.com/gift4good/test.php?link=track.commissionfactory.com.au/t/13593/15514/?g4g=true&cause={cause}&UniqueId={uniqueId}&memberID={memberId}",
  "tmlewin.com.au": "http://g4gdata.com/gift4good/test.php?link=t.cfjump.com/t/13593/19643/?g4g=true&cause={cause}&UniqueId={uniqueId}&memberID={memberId}",
  "tableanddesk.com.au": "http://g4gdata.com/gift4good/test.php?link=t.cfjump.com/t/13593/18765/?g4g=true&cause={cause}&UniqueId={uniqueId}&memberID={memberId}",
  "tableking.com.au": "http://g4gdata.com/gift4good/test.php?link=track.commissionfactory.com.au/t/13593/10475/?g4g=true&cause={cause}&UniqueId={uniqueId}&memberID={memberId}",
  "tarocash.com.au": "http://g4gdata.com/gift4good/test.php?link=click.linksynergy.com/fs-bin/click?id=dwepkhG1hho&offerid=363013&type=3&subid=0&g4g=true&cause={cause}&UniqueId={uniqueId}&memberID={memberId}",
  "tchillbag.com.au": "http://g4gdata.com/gift4good/test.php?link=www.clixGalore.com/PSale.aspx?BID=98805&AfID=273427&AdID=10704&LP=www.tchillbag.com.au&g4g=true&cause={cause}&UniqueId={uniqueId}&memberID={memberId}",
  "teds.com.au": "http://g4gdata.com/gift4good/test.php?link=t.cfjump.com/t/13593/20247/?g4g=true&cause={cause}&UniqueId={uniqueId}&memberID={memberId}",
  "telechoice.com.au": "http://g4gdata.com/gift4good/test.php?link=t.dgm-au.com/c/118306/167994/3113?g4g=true&cause={cause}&UniqueId={uniqueId}&memberID={memberId}",
  "tellnet.com.au": "http://g4gdata.com/gift4good/test.php?link=t.dgm-au.com/c/118306/154994/2955?g4g=true&cause={cause}&UniqueId={uniqueId}&memberID={memberId}",
  "thebbqstore.com.au": "http://g4gdata.com/gift4good/test.php?link=t.cfjump.com/t/13593/15492/?g4g=true&cause={cause}&UniqueId={uniqueId}&memberID={memberId}",
  "theblockshop.com.au": "http://g4gdata.com/gift4good/test.php?link=t.cfjump.com/t/13593/20981/?g4g=true&cause={cause}&UniqueId={uniqueId}&memberID={memberId}",
  "thedairy.com": "http://g4gdata.com/gift4good/test.php?link=track.commissionfactory.com.au/t/13593/11165/?g4g=true&cause={cause}&UniqueId={uniqueId}&memberID={memberId}",
  "florist.com.au": "http://g4gdata.com/gift4good/test.php?link=t.dgm-au.com/c/118306/145737/2845?g4g=true&cause={cause}&UniqueId={uniqueId}&memberID={memberId}",
  "thegiftedman.com.au": "http://g4gdata.com/gift4good/test.php?link=www.clixGalore.com/PSale.aspx?BID=128422&AfID=273427&AdID=13256&LP=www.thegiftedman.com.au&g4g=true&cause={cause}&UniqueId={uniqueId}&memberID={memberId}",
  "thegolfsociety.com.au": "http://g4gdata.com/gift4good/test.php?link=track.commissionfactory.com.au/t/13593/8538/?g4g=true&cause={cause}&UniqueId={uniqueId}&memberID={memberId}",
  "thekidsdepot.com.au": "http://g4gdata.com/gift4good/test.php?link=www.clixGalore.com/PSale.aspx?BID=97210&AfID=273427&AdID=10582&LP=www.thekidsdepot.com.au&g4g=true&cause={cause}&UniqueId={uniqueId}&memberID={memberId}",
  "thenile.com.au": "http://g4gdata.com/gift4good/test.php?link=www.clixGalore.com/PSale.aspx?BID=75135&AfID=273427&AdID=8710&LP=www.thenile.com.au&g4g=true&cause={cause}&UniqueId={uniqueId}&memberID={memberId}",
  "shop.globe.tv/au/": "http://g4gdata.com/gift4good/test.php?link=track.commissionfactory.com.au/t/13593/4519/?g4g=true&cause={cause}&UniqueId={uniqueId}&memberID={memberId}",
  "theorganicbeautyshop.com.au": "http://g4gdata.com/gift4good/test.php?link=track.commissionfactory.com.au/t/13593/397/?g4g=true&cause={cause}&UniqueId={uniqueId}&memberID={memberId}",
  "tinytinyshopshop.com.au": "http://g4gdata.com/gift4good/test.php?link=t.cfjump.com/t/13593/13330/?g4g=true&cause={cause}&UniqueId={uniqueId}&memberID={memberId}",
  "toffeecases.com": "http://g4gdata.com/gift4good/test.php?link=t.cfjump.com/t/13593/15151/?g4g=true&cause={cause}&UniqueId={uniqueId}&memberID={memberId}",
  "toysnow.com.au": "http://g4gdata.com/gift4good/test.php?link=track.commissionfactory.com.au/t/13593/13910/?g4g=true&cause={cause}&UniqueId={uniqueId}&memberID={memberId}",
  "travelfactoryaustralia.com.au": "http://g4gdata.com/gift4good/test.php?link=t.cfjump.com/t/13593/3562/?g4g=true&cause={cause}&UniqueId={uniqueId}&memberID={memberId}",
  "trendmicro.com.au": "http://g4gdata.com/gift4good/test.php?link=t.dgm-au.com/c/118306/148027/2802?g4g=true&cause={cause}&UniqueId={uniqueId}&memberID={memberId}",
  "ts14plus.com.au": "http://g4gdata.com/gift4good/test.php?link=t.cfjump.com/t/13593/19827/?g4g=true&cause={cause}&UniqueId={uniqueId}&memberID={memberId}",
  "twenty8.com": "http://g4gdata.com/gift4good/test.php?link=t.cfjump.com/t/13593/3478/online-store?g4g=true&cause={cause}&UniqueId={uniqueId}&memberID={memberId}",
  "twoblossomlane.com": "http://g4gdata.com/gift4good/test.php?link=t.dgm-au.com/c/118306/124207/2621?g4g=true&cause={cause}&UniqueId={uniqueId}&memberID={memberId}",
  "tyresales.com.au": "http://g4gdata.com/gift4good/test.php?link=click.linksynergy.com/fs-bin/click?id=dwepkhG1hho&offerid=369656&type=3&subid=0&g4g=true&cause={cause}&UniqueId={uniqueId}&memberID={memberId}",
  "tyroola.com.au": "http://g4gdata.com/gift4good/test.php?link=mail.b.hostedemail.com/?_task=mail&g4g=true&cause={cause}&UniqueId={uniqueId}&memberID={memberId}",
  "uggstop.com.au": "http://g4gdata.com/gift4good/test.php?link=www.clixGalore.com/PSale.aspx?BID=100514&AfID=273427&AdID=10882&g4g=true&cause={cause}&UniqueId={uniqueId}&memberID={memberId}",
  "uniqlo.com/au": "http://g4gdata.com/gift4good/test.php?link=click.linksynergy.com/fs-bin/click?id=dwepkhG1hho&offerid=375232&type=3&subid=0&g4g=true&cause={cause}&UniqueId={uniqueId}&memberID={memberId}",
  "uniquemobiles.com.au": "http://g4gdata.com/gift4good/test.php?link=track.commissionfactory.com.au/t/13593/5074/?g4g=true&cause={cause}&UniqueId={uniqueId}&memberID={memberId}",
  "unit.com": "http://g4gdata.com/gift4good/test.php?link=t.cfjump.com/t/13593/17122/?g4g=true&cause={cause}&UniqueId={uniqueId}&memberID={memberId}",
  "universalstore.com": "http://g4gdata.com/gift4good/test.php?link=track.commissionfactory.com.au/t/13593/14906/?g4g=true&cause={cause}&UniqueId={uniqueId}&memberID={memberId}",
  "urbanbaby.com.au": "http://g4gdata.com/gift4good/test.php?link=t.cfjump.com/t/13593/14137/?g4g=true&cause={cause}&UniqueId={uniqueId}&memberID={memberId}",
  "vaperempire.com.au": "http://g4gdata.com/gift4good/test.php?link=track.commissionfactory.com.au/t/13593/13671/?g4g=true&cause={cause}&UniqueId={uniqueId}&memberID={memberId}",
  "violetbox.com.au": "http://g4gdata.com/gift4good/test.php?link=t.cfjump.com/t/13593/15203/?g4g=true&cause={cause}&UniqueId={uniqueId}&memberID={memberId}",
  "visiondirect.com.au": "http://g4gdata.com/gift4good/test.php?link=track.commissionfactory.com.au/t/13593/1381/?g4g=true&cause={cause}&UniqueId={uniqueId}&memberID={memberId}",
  "vistaprint.com.au": "http://g4gdata.com/gift4good/test.php?link=click.linksynergy.com/fs-bin/click?id=dwepkhG1hho&offerid=334171&type=3&subid=0&g4g=true&cause={cause}&UniqueId={uniqueId}&memberID={memberId}",
  "vitaminking.com.au": "http://g4gdata.com/gift4good/test.php?link=t.cfjump.com/t/13593/11006/?g4g=true&cause={cause}&UniqueId={uniqueId}&memberID={memberId}",
  "wayfair.com.au": "http://g4gdata.com/gift4good/test.php?link=t.cfjump.com/t/13593/7232/?g4g=true&cause={cause}&UniqueId={uniqueId}&memberID={memberId}",
  "weightwatchers.com.au": "http://g4gdata.com/gift4good/test.php?link=t.dgm-au.com/c/118306/39731/1055?g4g=true&cause={cause}&UniqueId={uniqueId}&memberID={memberId}",
  "westernbootbarn.com.au": "http://g4gdata.com/gift4good/test.php?link=t.cfjump.com/t/13593/19492/?g4g=true&cause={cause}&UniqueId={uniqueId}&memberID={memberId}",
  "we-wood.com.au": "http://g4gdata.com/gift4good/test.php?link=track.commissionfactory.com.au/t/13593/4150/?g4g=true&cause={cause}&UniqueId={uniqueId}&memberID={memberId}",
  "whiteport.com.au": "http://g4gdata.com/gift4good/test.php?link=t.cfjump.com/t/13593/1393/?g4g=true&cause={cause}&UniqueId={uniqueId}&memberID={memberId}",
  "wiggle.com.au": "http://g4gdata.com/gift4good/test.php?link=t.dgm-au.com/c/118306/43817/1397?g4g=true&cause={cause}&UniqueId={uniqueId}&memberID={memberId}",
  "wildearth.com.au": "http://g4gdata.com/gift4good/test.php?link=t.cfjump.com/t/13593/12917/?g4g=true&cause={cause}&UniqueId={uniqueId}&memberID={memberId}",
  "wildkittyclothing.com.au": "http://g4gdata.com/gift4good/test.php?link=t.cfjump.com/t/13593/22037/?g4g=true&cause={cause}&UniqueId={uniqueId}&memberID={memberId}",
  "wildernesswear.com.au": "http://g4gdata.com/gift4good/test.php?link=track.commissionfactory.com.au/t/13593/14143/?g4g=true&cause={cause}&UniqueId={uniqueId}&memberID={memberId}",
  "wildfiresports.com.au": "http://g4gdata.com/gift4good/test.php?link=track.commissionfactory.com.au/t/13593/9190/?g4g=true&cause={cause}&UniqueId={uniqueId}&memberID={memberId}",
  "winemakerschoice.com.au": "http://g4gdata.com/gift4good/test.php?link=www.clixGalore.com/PSale.aspx?BID=29867&AfID=273427&AdID=4282&LP=www.winemakerschoice.com.au&g4g=true&cause={cause}&UniqueId={uniqueId}&memberID={memberId}",
  "woolovers.com.au": "http://g4gdata.com/gift4good/test.php?link=www.clixGalore.com/PSale.aspx?BID=153853&AfID=273427&AdID=14729&LP=www.woolovers.com.au%252f&g4g=true&cause={cause}&UniqueId={uniqueId}&memberID={memberId}",
  "wowser.com.au": "http://g4gdata.com/gift4good/test.php?link=t.cfjump.com/t/13593/13304/?g4g=true&cause={cause}&UniqueId={uniqueId}&memberID={memberId}",
  "yardgames.com.au": "http://g4gdata.com/gift4good/test.php?link=t.dgm-au.com/c/118306/145627/2842?g4g=true&cause={cause}&UniqueId={uniqueId}&memberID={memberId}",
  "yatango.com.au/shopping/": "http://g4gdata.com/gift4good/test.php?link=t.cfjump.com/t/13593/9403/shopping/?g4g=true&cause={cause}&UniqueId={uniqueId}&memberID={memberId}",
  "yd.com.au": "http://g4gdata.com/gift4good/test.php?link=click.linksynergy.com/fs-bin/click?id=dwepkhG1hho&offerid=363009&type=3&subid=0&g4g=true&cause={cause}&UniqueId={uniqueId}&memberID={memberId}",
  "yellowoctopus.com.au": "http://g4gdata.com/gift4good/test.php?link=t.cfjump.com/t/13593/11542/?g4g=true&cause={cause}&UniqueId={uniqueId}&memberID={memberId}",
  "yogee.com.au": "http://g4gdata.com/gift4good/test.php?link=www.clixGalore.com/PSale.aspx?BID=60628&AfID=273427&AdID=7396&LP=www.yogee.com.au&g4g=true&cause={cause}&UniqueId={uniqueId}&memberID={memberId}",
  "yoox.com/au": "http://g4gdata.com/gift4good/test.php?link=t.cfjump.com/t/13593/12963/au?g4g=true&cause={cause}&UniqueId={uniqueId}&memberID={memberId}",
  "zanui.com.au": "http://g4gdata.com/gift4good/test.php?link=t.cfjump.com/t/13593/4210/?g4g=true&cause={cause}&UniqueId={uniqueId}&memberID={memberId}",
  "zensu.com.au": "http://g4gdata.com/gift4good/test.php?link=t.cfjump.com/t/13593/18547/?g4g=true&cause={cause}&UniqueId={uniqueId}&memberID={memberId}",
  "zuji.com.au": "http://g4gdata.com/gift4good/test.php?link=www.tkqlhce.com/click-4007212-10656251?g4g=true&cause={cause}&UniqueId={uniqueId}&memberID={memberId}"
}