{
    "content_scripts": [
        "domain_watcher.js"
    ], 
    "description": "Extension description", 
    "creator": "Random Hack of Kindness Brisbane", 
    "framework_version": "1.7.9 e39b6ff2fcc8", 
    "background_scripts": [
        "toolbar.js"
    ], 
    "homepage_url": "http://rhokbrisbane.org/", 
    "version": "0.9.0", 
    "framework_package_id": "dev", 
    "browser_button": {
        "caption": "Gifts4Good", 
        "tooltipText": "Gifts4Good", 
        "icon": "icons/icon32.png"
    }, 
    "id": "nnoaobalmlgodgbopjihgjiokkkmpjoj", 
    "name": "Gifts4good"
}